Artist,SpotifyID
!alarm,69yTTw6uWJ14LKOwgfawm7
0%Mercury,4DxusQrhwkEDAg0iznFfEB
100лиця,5YgAXaiDXfn1JotXCdJg8W
1310M,5hnBTQVUZbe8goQkRvleKT
19.99,5ePkQVN5GwTkqemJx7Sf6J
1914,0IpKWttPlwhd7Cevxsh1Bz
5 vymir,6dCIsrM4buxz5VFqfrktF5
6ATbK0,6NijN9WphChNiWmeYhdqh4
811,4hnFAFO5k7E0RCw9YaMgZy
Абздольц,6t9Pqx0r3uMYvQz5L6HK8Z
айхейтпежо206,2BONIO0JHrUqgWnfaiiPtl
Аква Віта,0ngJKI3yS02UPVfr0aD8BN
Альфатер,2DsQ1FRVEdNbHTsXvKIRel
АНГАР 18,6mVoyXn1Do7Q4el5m8FiOM
Андерсон,1TQuCEWk8Rz60Pt2YiWWno
АННА,6jdXkhI59ngreTw9GwoKNv
Анна Трінчер,71Lczal1i7u1Emcp0UfY9E
АНТАЙТЛД,51sorqTCLKHjgaHQkYaxwD
АНТИТІЛА,5sc9td6C7xxPa3mOmmvXPu
Апатія,2bkZ1uaI06UpTuDchPk8bE
аппекс,0LLp4pMDfvnFfLPSLACJQo
Арахнофобія,4rIRnwYofsKsutN5lDfCv1
Арсен Мірзоян,4lSBGliaADZL5GBnhmlICy
артилерія,1iC0iOxwU2oglYqtSr5NV7
АСАФАТОV,3xJdB8GYkZ36nh9UbX9mTe
Бажана,7BiBlehYI3m8DjqHq2z3O5
Бакі г'юберт,3X4ZZFUhYgApoUomx2YKmm
Баbай,6om9eSgJOxVuZVVgYUR9md
БЕЗ ОБМЕЖЕНЬ,6jc6H0uwSfRE3Tnd4628cL
Безодня,2XrzO344iFJ6wLXJhGpB76
Бетон,00WQQvahNXzGIK4RMecpW6
Біла Вежа,484aYK5TzxeS88woFHa7vY
Білий Бо,5jA8GsN4qtk88Pc0pMWRWM
Богдан Купер,7oVQRtkKW1oTAe6m6yjW7K
Божена Дар,7CVYgMPUnF8y2D9Zmzdozz
Борис Сичевський,0xwiNKAZOC08XAPIhA1uad
Борщ,7IctCBaZHNHXWrohcZLjJP
Брати Станіслава,73uNjdruAPtObpHJzp5NBn
Був'є,4MN9USFb1WCdfbOFk370T1
Буду Думати,19RAZrd3OU24KprtkAo4GK
Буйтур,02bZLlUABJVzmCDsIs7rgy
Бунтарка,1um6WaW5drDDOXsnuc00QH
БУРКО,3FvQmWkuQd1i6nBWcay38H
В'язане Море,46kKsy4GFcdVzXWvkNtigp
Валя Самурай,0Isw4hYa5aDRRoGTRTqm03
ваня jbl,3mzeU2Ei5jcN3Mz0guznmT
Василь Васильців,68RZXZsS4H4aDO5IDS6pNT
Василь Зінкевич,3FAPd23nnLAYb9WhcDcEfJ
ВАТАГА,5qPxGlcWljnpyqvkE6W8EE
Веремій,4zY0YYTArcU2Z7JWdacP2h
ВИР!,3oUad3wJ5SVnTfBK6vDjtg
відень спить,4fF3FAznZYEwIrS16ltNNg
ВІДСІЧ,11snryEzY3apIX8Axx9uZ1
Відстань,4KwMN4eXGOzZYfA9QGf5de
Відчай,5OE0mGGjHhJ5rUx7kUje01
Відчувай!,1zfIk94Dmy3nNCqK40Q1ff
Відчуття.Тиші,0n8GBraVJlqIruNduQhlRp
ВІЙ,1Y0Dvm7TKCkKUqZpEMOYSM
ВІКА,3THyXB2sWIQHfSmjYMxemI
Віктор Кирилов,5Mn6yk2orilrZyC6OdwSiV
Віталій Козловський,6JZki7OTFOpUwdXuB8H6QK
Влад Дарвін,4YZhUSW3DuQ3tEqAk1nVWV
Власне Виробництво,2A1qxqi1hWZhKXHPOjvzQN
Воанергес,4Mh6mgtFQmbz6wmW99esyn
Володимир Вермінський,5Sdu3M9QRqKkaFLMvr2jLm
Володимир Івасюк,6nwoIBsXv4rCpVtWsbTdqP
ВорсТ,69duIh2aRIR2TUsT3jk3UL
Восьмий День,4stWAjLr0YO8EJKqbKg3Nh
Вперше Чую,66Zgg6NR6AFQhPtn9kfcdo
Всього Найкращого,3RO2S7vO9YKwuyE1gehMTL
Вхід у змінному взутті,2ZMfcLMKsxsbtMnPb2PdZr
ГАЛЯК,0ywnFswTae6YTDPikIYIJG
Гапочка,1bmM5PUEvq5rdYZxvUHAwP
Гаррі Шульц,7r5N8qsA3CMzr4Cdh0bS6z
Гексен,2gZ2AIhYxP4c8hs8trjKra
Геля Зозуля,5NR8eODM4CQ2X6rBuGpZ2B
Глава 94,0xrvfhNfo2yr6kMiytqn7f
гліб співає,57ZvvwPjREpbRr5koA75Pi
Гніт,3akhzDDn2qyuDZN8J4zd1o
Горгішелі,61oBRXrxvJVZKYNnJSCNsP
Гримить,56v3Q1zOcXSvZH1aQLcJ4l
Громадянин Топінамбур,485yU1L40uLTQNGKelciw5
Гудімов,4OvjAKw46qenaIiCzwX2OI
"Гурт ""КУЛІ""",6oMTssI1KKCaqA7MaKHl5t
гурт «ГуляйГород»,2pnVSid5whQ5ZxBaC8whLn
Гурт [O],0gA3DlGnWedK7U6l2555xR
Гурт Вертеп,0cXU3eLCRz1p6fqTzigPGN
гурт ГУДАКИ,2dp8gZDFLcXyxnqcJHbrsG
Гуцул Каліпсо,4upLHvR6PKYii3fm9YAavw
Гуцули,2ArnKO3EDpUE80iQ1Z4J94
Ґрунт Палає,6roS9EMio2oTNvrFnZRcIn
Дао Парк,2tpi9iZvPDhDnIproOIsQh
даша онзероад,4hsi9xFNQo4jmvNAjMnopo
Два Два Дев'ять,4HjR0QYSTyItHXnaQWRSCJ
Дві Ложки Жиру,3kShPVdctG26HKqtrk8mGH
Денні Дельта,7uMchO5vg2cqBc86H61Z1N
Дефенестрація,0CnpyrLcT3G2bLsvFKlkdm
Джозерс,6vGzPITjy7QcOKdqfGGOpZ
Джон Дір,1lth5wixOrU647bXqawQlW
Джонні Дивний,2nFxkVhSs3yf6R057HZ9h3
Дивний Простір,7bobtxBWtbrMFQ7vIZ900n
Дикі серцем,4H3i9085H3qFtt5C23ekZG
дисперсія,2TvM07LdCZ7QTy90PFWIOc
Діджей Хокаге,1iOArMVEzZoU9eXpygpzTN
Діло Дрянь,4VA5RRysOx9cZj339aUwni
Діти Великого Міста,6qkTBt1d2hBSlgBT57WgKU
ДК Енергетик,3eYHCFBRUK9hyTm6aG08LD
Довгий Пес,1YaTr0uiPvcbPBlPKTluuV
Дощ,4A2abMoI0ekyNmmlYrTF7L
Друже музико,1fhEFyE0xBymbkBjQs54xP
Ефір,6tkON6NvYfNAq0PkP8UrrF
Женя і Катя,0GVdstE7poXVPgHK8hNsBh
Забавка,7CGp2mTEJUAme2yhl1wuwW
завірюга,0qX9Q9kbufoar3zQcEBTFU
Заводь,4OfEmHYYLgRTgKSGWS3f4R
Загреб,40ueLYPFI0jZYk5IwFKc9m
загублена лолі,7CdHJ7UaXDaTE72T62C7Mo
Занепад,21RyUUUEzxu7A48IaQUmpa
Захар,6Gni7kxmlACukFgNNfQCz7
ЗЛИДЕНЬ,3EWJKN6n4qauVMd9cF9X3B
Іван Попович,5AaUshgAKn6kxBdJM7Ul7n
івл-івл,6d7jvyEoNHnAmttSkV58xn
Ігор Кайдаш,1DBbudkd4BL8QyVK79E3qj
Інна Главацька,7D1QcwL0tJARPzeLmOcRN5
Іннеса,4bgEIgdfWYfYLDmEar3eWq
Інший День,0CSj5jfGQWserSBh0PWk8f
ІСПАНІЯ,06JssX3FdA0bgl3AaC5td4
Кажанна,3OTyLjDNzzo72TGG8GwiDk
Кам'яний гість,1NeriYEGaQ925pKL45Nqc6
Карна,3MoZ4E89fo2vGdf2IKfRCj
КАТ,14SiNs4viQLMagWOSfgMRD
Катерина Качуровська,1qa6108xK5NzeJXssGHokv
Кашляючий Ед,3vpYUXugRgKGTneMdO8kI7
квіткіс,2LTQovuN9DR3kq6YwXlgbe
Кімната Гретхен,6E4ZDtPGWri8DKXekjg4Gv
Козачок,1BXsKbROuhpxJRY8BBIctC
Колін,2YNitbNJ3aA61GHrJNOjo2
КОЛІР НОЧІ,7uEyXWwWVpl7wL5tDoB5c2
Колос,362iRKPQbIK8S5Eu5rHqtU
коля пацюк,7dQYftVVYi4RVHJ2weuKYB
Контрабанда com.ua,3MYEM56EoPSQRXIfEc61c8
КораЛЛі,43VjmmTHLJGTSlQHOLWdgF
Корисні Копалини,3GQtdDcKHCBoe1j2KDuPkk
Королівські Зайці,7dmQDYyEnVJUwVriWCuz7s
краш тест,20QGA9jfN4xEtuyeRXj7Cn
Криголам,3XxAY2G26X3OLC5TNLpENI
Крик Душі,1w4UGciS7VOQeanFhtWP1r
Крихітка,3GvCDEg7s8LxI3FNS1CWRK
Крихітка Цахес,4WaVp1zaJJLMgohfXajlvr
Курган,03WTXf9okPH4d32l6pEkzK
Курган & Agregat,76xgdHQ2mo9PHhClwMQGjE
Левко,54ryTnyS5XuzQoPEXiLqoy
Левко Дурко,3pp5eeHZVTAFZvEoskoZOY
Лея,0ByHX7o0SMk0Vad9zqQIiM
Листопад 2007,4L7mXx5QAhbwZKDqmVa7c2
Лівінстон,6hdOzSe3EIQzPGqKtRX6q9
Лідія Відаш,0ApMjfkh64P6B9h3sW1DO0
ЛІЗА ПАДЛІЗА,1Ua4KslmoHl17nrYYnzy6B
Лінія Маннергейма,2IeDAlsxWzXuwU5i0kbE28
Лунар,28pzcSvcivWExoAXyPQ8oF
Льова Бай,2o9zf4AWyQir8pTIApCtD5
Любов Чайковська,3JyxLydiHWudaR1otsr0wG
Люсі,5sbmvlxGixwX6nq7OPr0CZ
Люцина Хворост,1VQr3VmUgWetH1NlX8LOYE
Макс Пташник,1jT1y7O8NtdUwGfCTZM4JE
Максим Бородін,3b1ptNUGXbqu28JMv7YDBV
Мандариновий рай,75o7cRLSBp5FNw44M9VIUa
Мандри,5pfzf2J3aOC77G3gGBEjBX
Мантра Керуака,2MYwlZaFwvfTC4jMCAgIXa
Марія Бурмака,2UMSihTH3Z8XpCGKjjceIs
Марія Квітка,1MLjlPth93Nev2qM1vYcq6
Марія Чайковська,1t6OTC1dbNIqb1jOUnfVQf
Марний,4VnECM6avO6XogtNebPh0M
Марта Липчей,4wwpyhS2PFbYM6Dw8ZnIgO
Маша Кондратенко,1YgQMGLeH8C8Y6552fZ3Lm
Медовий Полин,0kZSUKKwUWbIAKZyJEImwQ
Мері,2fWLg15PYt7hPTQngwc6vn
МеріЛінор,5ShI2JfjT92DmmtBeSpBOI
Мертвий Півень,62V9PGJyCd8DyWyXSLzdpC
Механічний апельсин,6YvDlMbMR5mH4RoFfcCGM5
Микола Мозговий,3NLTLvYxcxKP6H2nNdpxTX
Микола Пацюк,36jUvGSZYPJP0MqfVKilpD
Мілан,6MWVrAG7xk3WgKpaViHz0r
Міша Крупін,04hCN9kKMAgHUaElQ4stQG
Міша Правильний,6yvtjGJV6Q5XayHVYb3Q1N
Мія Рамарі,7tKfttZq7dMkO1UHqPfp4y
Многочлени Кравчука,2p6rzhZd7rbYCjHFTwHkr5
МОВА ЖЕСТІВ,3qtFDkfyx3jrELVevSmquH
Монте Крісто,1frn5m382qioCWoo09FG1u
Монтеск'є,2HJh8v2atfiAjRk76wSJNa
МОРТИДО,2dh96wuzUdRAaquQAjBN07
МУР,3NYo9EP6S3ReZ3ep86lsg3
МУРЕНИ Official,61wUftWdpVPIoNNxPcgU3V
Мюслі UA,2QlTrbyPWbGWNmeDCp7QNR
Мята,2fDpKB1rWi5aoflXC4Yvve
На Відміну Від,5H5FskN9Ehzv5trV9a2mHd
Назарій Яремчук,2bUzF1srMPg9cK2xsHtKBf
настрій не дуже,5tVyz8EM0vIoAuXI9dJydb
Настя Балог,126TREJvODJUo3f4UYTFxR
НастяЗникає,2pXOxb7GnhkgN3BCAWsYtP
Ната Лі,4dqI8Cn9rIcQtFr5vFkXH3
Наталія Могилевська,2xhJPYkf5fLYow68Vc4Ejb
Наталія Папазоглу,1T11lMhOMV095mC2pTTmdO
Натоліч,60Xhd8GvAHWGniKcJJvUg9
Неймовіра,4lSQTdjFsEYEGzuLYQHc9T
некрохолод,3CLL0ceRl2HVk2wpC6II4I
нестор,0A17cXaRbKpLKB4Eeqf5QE
НЕХВОРОЩ,6JJbvoPy2Oz8nYcLl7uYfr
Ницо Потворно,1AbmsaKuOkDN5bVSunBoIY
Ніагара,2cI8wmugJmxcSUChDhecOb
Ніжна Оксана,5opQ0dBye5KCmz5CDzaMrl
Нікіта Кісельов,0OK2yr1GTqeX6ND3TlWnAp
НКНКТ,2VuSeGwzYBNFmrhbO3zGB3
Новий Твій,6HrxELst4Wfw5G0Tu3dLUp
Нумер 482,40aLItyfTfljra9lftpcWh
Один День Потому,15UAxg7BSpf0NadMP1HVGk
Околиця,5aT55rNZ3OB3zuQ8i2XKX0
Октавіан Серпень,4dcMFLCd0oLqwG3RGE9Tyg
Олег Скрипка,5cYQbeg6igMFnfAwGrvZP2
олександр положинський,6NKa3iTFT9Yifg6vJnoIw1
Олександр Пономарьов,15Zjsds7yeW4RPsT2sN7S9
Олена Тополя,4TgfvyEmBASJc82lfcHZjh
ОНІСУКА ТАЙГЕР,77mZBnU5El6iexxLv2qhWM
Опік,7k7953Y4PZkciCXs2XV2Cd
Опіум,21qJma3upO9zV1WVPRDKYe
Опозиція,2tqEWftvVvfjqKxGO9KP4W
Оратанія,7Ih08ZG6YaNJweypNyFMaD
Оркестр Че,0VN2qFhFIWMmnAKTSOsLlx
ОТЕЦЬ,6YQw6REv1C7MQ792gpgUH5
ОТРУТА,6YAfKCKnEEdK0WYvWh62ai
Очеретяний Кіт,5LkXPtdmVj6nBfsUjHecJI
ОЧІ В ОЧІ,6U6ZupZPKb2nmP0ki7SOLo
паліндром,3kM7MT7h1sQm1PMiCxkkSX
Пан Парасоля,5bWCxW18dUL0ll835T2sQq
Пан Пупец`,0GugRCyxgI0CdUgFI8iwDU
Пацюк та Сонячні Котики,4wOVWXN3Q5KnwtD7M5GkJY
Передайте Показники Лічильників,5xp9XS4tObQNuivV04ILxU
Пересторога,2lTJ0rWBUG7lur3zfNh8Rx
Перкалаба,3VtH9q0yx6I6mbZadvAUoi
Пиріг і Батіг,72WPri6uCSfr6l9WdgZ2D6
Пирятин,1V0To66zahDDDWxlecmkMv
Піккардійська терція,2szQ21M0H5WuMGG2JIrKqq
Після дощу,7vUQFioWvCavqy0WKpo1yD
Пісні Наших Днів,6lE3Y0vMqBD4hITffxmM2c
Плач Єремії,7ifsjGOD2trth519JuzcuW
плерома,7CfQEhZGy9ib4mrf6hXgtQ
Плесо,1qsD3rmPmr7206Vz9Zh0cI
Площа Устриць,1m89GkCapgCIvjeubNXKGy
ПНД,2qTMHDV95r6kxdY2vVPgFM
Погань,76fq1ruNHk94PCwX5YjkHv
поживна цінність,2mYQmSezl3tFUIAr8UDCP8
Позивний Музикант,2B0GfeJg0B4OupnyedHzbk
Покам,3qnCAUaV120kzE2Ajwlgpk
Покруч,3v29Y9CZul4JWSN4PzYRle
Полюси,3jZL9Xu5VDHcREfiJ5dmKZ
Потуга,6QMCAZ8GcTc09xuETEdKiN
Правиця,4KqhcIkjxtZBWrmlXonZEJ
ПРАЩУР,24qilIPhCw37sE71I8wTqu
примара,5KcnpkqFlHg21eHRqiFpP6
ПРОЗАК,0jAOkdq08rCWFtyMViM7CM
ПРОКЛЯТИЙ ***,0EiQlyKSQM7ns7tqips1SZ
пуленбір,3a0KMTr7p0eHISBvONnkae
Пункт А,6iXXVqgGQpMXDn0OesjACC
ПxШx,0dLexYJFproWSguDnwJbkm
Рай Із Твоїх Снів,6SFdUbarn4gOzyRg8SybLK
Райчу,29nWzSyEg2JLtzY9Z3vX03
Ризиковий План,3B1NMKe8AClexFvfU7Od3Z
Робаний Йот,7zv8J9YiVktDSqyZXr6dEa
Розум Зник,1J8MjRh5giizwThyZVKSv0
Роллікс,0l2Vs0jhwRqsgl7Cqcs7A1
рома майк,7pvzcDzXjFcXK40r9yzBiY
Рома Факти,3MEbOk6rumBWRi62959AHo
Росава,0MCUkGNPE9kWLrNO3UhMTt
Руся,6FSre46Msh6Ra6F3A1Y0Jy
Сальто Назад,51y4QBUQpFncG7cY6HMsIW
Самі Свої,0IM5CV8eFdo1KUC4E7bP0A
Саша Чемеров,6EkxNdVClS3VI3zVWbDch9
Село Близнюків,4LJ22l3ZLbWlu94VInorcK
Сергій Василюк,2fEkRIMFUaloBcYg1QIKif
Сергій Жадан,5xZ5amjIsaPmzmbWRcrHAq
Серце Дженніфер,4evYGInhqzW2GcubwPrrVy
Серцевий Напад,79eVJEoaPboaqHcdai3Wy5
СЗЧ,6OOiVyg1oYGIuYg1KGWH1L
Січгарт,4TXL6Jio7yQV8AWz8lXj1i
Скажи щось погане,4j6ZTpxuwyGi9ZBa6Ckxuy
скало,4dFgA772kQXLwnJow1QwHr
Сквер,6qBIWYywZk5NkZRKKWJA4y
Скрябін,5RqIkHQnXRZlm1ozfSS1IO
сліпток,56M3mfXvDAZ8eYzHfM6lu0
Сонцесвіт,2xldzqak8XhWs0b3oCSfEG
Сонячні Котики,156Vj7KMTQnYXSafZmTEXt
СТАСІК,2yk9nuHWSXuOVnWmIYImeo
Степан Гіга,4d3xJkRPmqX0jfvI3pgeXh
Стратослав,32RgqdYkX3ip65JVgauceR
СТРУКТУРА ЩАСТЯ,4AupETQEHkWQL9H3O6f9h8
Сум,16HR8mQHxUPPpHQq1QVegI
Сусіди Стерплять,6qUIEcT6FzexFtuv7riOXs
СХОЖА,70MEj6TnbVEjYdKgE8ZRGC
Таліта Кум,2ldLWiT8Hqahmhzju8Ye8X
Тарас Петриненко,7HrbK9tqBnxqIZJM6G2Nkv
Тарас Чубай,3H0FByDMvCmet0IdroFRMA
Твій Бог Сьогодні П'яний,0v9FvVKrT8AoaBTTFU5RBe
Твій зайчик пише,46dJPAcFc9mkxDUlXhSyYh
"те, що більше ніж ліс",6a85e0FxdOBOBI2KP3MMlH
ТЕЛЬНЮК: Сестри,5CtVT8EwE2Ne1WmGRHVqXF
Теорія Ґвалту,3H9teNx97OYAzhgwJ9rhhF
ТИМПАЧЕ,2Nq0XCT6qH8GOTgaXq2dXV
Тимчасова Назва,5DYrAf9EMYN5tFFEIHwqHU
Тиранія,7KPv0ExuRMKl02B3NUKrOY
тиха порада,2SiVRlDSTZnPy4k7MvB89I
"Ті, що падають вгору",1jbOpkj5Bt01FBJPLaM8BA
Тінь Сонця,431b0apCCvR7GFtpzqaBAO
ТНМК,2sOErXYVMC4jCWVvBPI19l
тобі не зайде,4QhFoItq6QTE1Tm76RBANR
Тол,5DUSS0xAFlSjCrgyZL9NS6
Тонка,2ENRblmO6FgEs7MSj2AuWG
Тощо,5xtYAoNSDJqff7kKvLp1VZ
Транс-Формер,4EIqc8HuTUw2EDc6dIgRoX
Третя Штурмова,5PchdBWAnESzmi6rBbxq4M
Три кроки в ніч,50ct2dYVKYchLctlfqFGEv
Тріо Маренич,1vXQl3Cg5U4FWIREi518t3
туди-сюди і смерть,6PnFs3tKw82t1j8q5bxrzK
Тулим,7nEg9Z3PNNzvZVyimNrfpw
Турбо-Техно-Саунд,357VzSsPEvYffarh2t1tFn
ТУЧА,33dwxPM7czY6r7pQNq3nvQ
Увага,4B9b3AzN6TUAuC2syUbgok
Уляна Дель Рей,7Ecx1TIGDhUchWCLtpN6Ia
Фактично Самі,3t8IhqJBzUMdKGSq9Re0SL
Фангус Фрог,1RVT4n39dq6wPGiyS9Oobg
Фантом-2,2N8dvMcDMCkjJa46SQKQhj
Фольга,1X8JKIiZSqCJyLlz743fPM
Фрай,0u1L8pq6k21TsAtP0OPq2J
Фріланс,0KKBi4n0kHBgxEbBuwgGzo
ФРН,3xIRJzLueAwKaTkq89rwxp
Хамерман Знищує Віруси,2O0P5y6ePYVcRgDMMpQiCQ
Харфанг,4tvEl314daU4xGzaCKQpUs
Харцизи,7f71uxsHmte2UkACZzGKMl
ХАС,2fqqZipMJWN5aYcOtzFnH4
хейтспіч,2sdWfIbu9rLQ0p7MULuhxC
Холодне Сонце,0Rt0qPTcLusmkD426NfFzn
Хонест,2xETenEkWVgXEAzWkXFeZs
Хорта,368Peb3IELY13zqUaA704X
Христина Панасюк,7aCgfPK1Wv5FHrTu9ecLFR
Цвях,7LXu2nHjv2ad5hMIRttY2y
Ціна Ритму,6NTqrz0jbv9mMqPEw13BXw
Цукрова Варта,7I2IMguLSCKyUiSwCkEInu
ЧОРТОПОЛОХ,5Cg3SsOWdb0ex6f6r4KRgu
Шабля,2EvxbZmFjhmxJuT1DciHXj
Шершень,1cyp9wA0OBU8KiqZdb8Xdc
Широкий Лан,6Ec9YzmPE4HxGn8w1DZKh7
ШТАТ,1Lzp9E0gZdxLJ7pYi8H6y3
Шугар,5RRa1AAPROhlvdJHweQdWI
ШANA,0jduLiF9DaTOupUQXKmYb0
Юлія Донченко Maxima,11oY9WayKWS37jagITQCzy
Юля Юріна,0iwdyeaa6WACBoexz0p0XM
Юрий Вольф-Вурдалак,2vLRtUuiVFUmnkfjLZkOEu
Юрій Бондарчук,53hFqWDmfakFd05cVhmxM8
Юрій Йосифович,5XLWQXSl4CCDySXvlVkj0w
Юрій Хижняк (Трутні),3kzkCVjiRRHlodwbNcrsiD
Юрко Юрченко,0boOCMR2jvBpOGagMkBVAX
ЮЮ,1OVCeAjhMmu2b8fWfd32yE
Я стану краще,1W0tUFzWl783ZtiqCJm1OK
ЯВА,34n6GCUHfnL4Y0b0bU0Ah1
Ядерна Могила,34sv9zxuJ1aIreGFnjNMsF
ЯК СПРАВИ?,3J5bxzAZzGZbZ0XYtXfCsL
ЯК-НЕБУДЬ,1z8epX7ARCuHFXnxerzR0g
Яка існуЄ,6Ev7wlpO5DsqbAVd029FuM
ЯКА РІЗНИЦЯ,7tWi1JnRSm6xSLmdeHi91Y
Янсен Кукансен,38YO34FAh53c391iIkdLm1
Abyss Remains,5cqdUnmVJDxwSkYEkAOsMO
Acid Mamba,54Vho4U9TwiJLSZqB2CAEz
Adaa Zagorodnya,2zO8vq6sSP0IU5W2Xdp0lk
Adam,19JYV5zLhGkyqClNjdSfdb
adm:t,2twME3jNUXdJCcaJ7dqHsJ
Aeternus Prophet,7ccAP4hpdynSWjnXPHqFfh
afterphase project,272PdktgRqi2yhud3RnjTQ
Agruss,6szmdL9k3eQKqnXOOiCQyn
AL.ko_kc,4NCcwKQkx2abTXC8UIXf8B
alekkksa,3KiFi7CRRoB44ztX3jRyk0
ALEKSEEV,0PdkdCdzIY5XUTa7hE4S6S
Alice Change,2MUGwis27QiudPF2SfL2yh
Alina Pash,2rC7t19zOtFIcJvmi6lH1i
Alla Zagaykevych,2GY5JGmWT81g4udibu2mJN
alyona alyona,2ic3GGGmkixOZP4qnakSA8
Andrii Barmalii,77DEfUq0imYRVEBvjDH1vL
Andrii Kunin,2FkVvNfwhLmhzMDnX0Ya9T
ANGY KREYDA,6vcIK8jzgRlyJ1nx82nRr1
Anhedonia Nocturne,6GTtZ80nYf08eSZwW0dDmc
Ann in Black,4HSiAq2sw2h2nGx8KMW0ik
Ann Kovtun,6JdwWVgnkKfh2MSRkwSxAU
Ariadna,4EWnnMB1GCWHboUEhl3VN0
ARLETT,4OIVrnQR0juwfbGswVpMMU
Artem Loik,0VIywtfr5hFGchLkOuptiS
Artem Pivovarov,11sIz9STeD6yVSuBaD8nMW
Artistka Chuprynenko,099tHc1nWooG9wPtUYX9Mi
ASKEt,0xlfDg0DLZYcujHHxqmPw7
askwhen,0GsArlDO65z8mj3McTCliI
Atmasfera,3abxLrQG3NvNVjsRPbgULb
AveKucher,4ObQC7zEAd2fACSWGjumQg
Averin,1xdudglDtJ0VzDgyYMhsHW
Azgard,1i622DNZuuRJYe1Jm5c2qf
ba.latskii,7fT4gOIpKd0HOOGu8MSmWz
badactress,6tWEWLQxHcea8qSHfbyWUV
BADDPRODUCER,2Z3tkWsF2p0uyLPrsniQ6y
Badwor7h,2fqEWKgKMvOIxbSyoRihML
BAH.ROMA,1xhTkIWAZxPeZpJWbjClqL
Balsam,2NzaO6O0ijqU2a0Cbt1cY3
BANDERSTADT,2Sdrmz1CC3yeSTvp5uOBhm
Bandi&Bagi,2LFGka5hVp2QZWzLy3oltx
Bankai_lofi,3HTBAeisupEk7qzLPnNaCQ
Bartky,1qmUpkZWRsxjXKd0PIEp9j
BaWN,3Q7wNwNLJiQ8MDVbGoB69M
Beer Bastard,6MvnwbheXmUERM07ZxDniD
Berliner Döner,0xF8vLtcDaxlv4s14moz72
beshket,3EjuAkczKqIF2XQ456uiOl
Bez Gruntu,4iGtcumUGVu6A1PEqRxZpb
Bezlad,67g8tsiTW8M015E7HiAbK7
Bionik,46a1pe7z4rVJhrFOFTZzjZ
blessbaby,4ym4iST87k819qdjONXIMP
BLIND8,6Cp7Edmrgw7XA8duPOFmtz
Blockbaby,4WNzMiptlfMfG17Da3TlXD
Blooms Corda,3mlUhGSEvqMhUNu7uWB9hA
BLVCK ANGLER,7gIt67hGW3VScbmiS2MnsQ
Bob Croma,6S1vdlBTi03gUzKgAxPiOV
Bojevilla,52B9u7CqJsIdOiKOGo2lX7
Bokasso,6EuaVgdfhEhNCEqPtyegVK
Boombox,2c3PFZtun8HemDbDfRPV6G
BOTASHE,1sKj3mJo5bTjxYbrcXjgtE
Brainruin,7BrapHBtdUpiGLHC812M6I
Break The Habit,64Q7JKERIJqEqTPZN7wSsF
BREM STOKER,33nqaFMpM5Cv0Gwr2RnbDu
BRYKULETS,7JThbRHgQpaRM87SKqPqoB
Burdon folk band,7J4CC5KfGDuN6UayxXVJpN
Buri,7uhiecZVq1TaC9L0Qqgu7Z
BURLA,4Xc09aG2Xh4nCikfxZRszu
Burned Time Machine,1CqrtuYsF9FgMfSeWM4uB1
BURSHTYN,11WB0SrIkYFT28qBaFQUdt
C23,30fOBEmR6Uuxsvg0O1fCBf
Cape Cod,5uMOOCjDjMCAahAJazvPYB
Casa Ukrania,2bXss9t4FXnbGkg3n2fhI2
CHEEV,0PWfuxCvPtyeCLLWjf4EzJ
Chekson,0UjI2UCXbjgannnEKe4r3k
Cheshires,0Y0HFO3dDeH7i6f0giQLsB
Chur,0Pw7lcMZynNXlyihY4QVAB
Chychanovsky,6KGp5axGUe9oUFiIsksblb
Cios,5X1LFJJfXuE4ScoL6nu1ca
Clonnex,3NOlXM7t15vx8M9hwmQc9L
Cloudless,6d5vES1SFQRKL4HnOdksia
CODÂNE,5ctnNLKhMceL9CI61aSiBd
Code Emma,6kyrCck9vt2p2zp6cgjy1I
COMPLETE!,5vUa3UKbGGYXkZdb0hG6jn
corn wave,4A2YFhVf1CosFA443ibQhH
Cresco,1zHDmkcDghnc01llRma3Iv
CrossChains,6rV9XnuaXgiCRcbPv36ZSS
Cruel blu,11QaSjXhEkxGfsT5qciWID
CRUSHGLAD,7LdGgI7scwVJX3iTfJdT9g
Cukor Bila Smert',7IZhS1atGOwOM0zht5PY7J
cybermykola,3inmtg0fTks5QHrAUU3CZl
D.Lemma,5V1rFAwa5VcX6TEKMkVgQc
D016,4MPDfqNMUkYAG0APA0R9gV
DAKAYAK,0P2dFFfJJCK8RIkQjgPhe9
Dakh Daughters,74sycYE6hlYuoelM902cE0
DakhaBrakha,5hQYZqZaPcRceL82mFZTO5
DAMNITSKYI,2tINyC1X6DKYjo4SG0W0Gl
Dazzle Dreams,37Gk7Ru0OIKT5lbSkrgTWP
De Shifer,2JMT2Ws6eQ93VjskDEnBjr
Death Rate a Politics,4bo9XgoRM66s1jVvnjVQTY
Delamer,22UQjWYB5HNPXxuBRpo9HG
Derwisz,4nKAOYk5dFvBbF7dSfUOwK
Detach,5k7LHHHrWyu7cIzbJHDe8I
Discollusion,3Y5JPC5Awc3vGcj8yvLZkY
Diss One,4OMUmR0kAc4YUrczgyvS5F
Distinct,6aC7cqlhasXYDSM9pMYrCZ
DISTRÏKER,2JLVW6XwuL8RRkI4knJDxt
Do Sliz,61v6YcV4juu3cN4xzVji03
dobbro,4op4eGTKteN05FYcD797gj
DOBRYVA,2dGxSKc1IULjFUH7Ia01Ma
Dofamin,7s2Wv3bMWmlmaNR62zjnSU
Domiy,33xlLiptsAIW56IqRxaQoV
DoomDoze,7EMixsrLvxkMhrFehwgyel
Doömzday,7f8FMKD1TpSizsRnJ9fxMW
DOROFEEVA,7wl1m5vgWkCP3cqYVj2noM
DOVI,3PI6jFJpFKYyrHmTw0yxo5
Drevo,2FbcO51yLIYdfqIQXocwVg
drimandr,76E6ZKwQyE3jLmFCzdHVRp
Drop The Roof,0CBQB0NLskrFGIenamoim2
Drudkh,4q5mj9YpaYesKvHzN8XYve
Druha Rika,4bIZE5XbGFjR4rT2VQPIHy
dughouse,4Ysw6X0FiYssVIqlymwCeh
DYKTOR,1uNnZ7NQ32MVybUcpL3y5m
Dymna Sumish,6C60iqeAUNMFlv7guRe4tS
DZIDZIO,5HLfYFRFHhhDAswKM6rFeS
e-ho,7fVPnu1qcLQXHKZKgA3hXu
EasyLover,0bN00gFA5PrLHg245RQnxq
Echteliebe,4aMbgAU6Hnx9hzgQMgoTvz
EDNY,76wi8CPPZ8wS4k4zML3S7x
elarm,3kHaXuC8z4UDq7sVGaJh21
Electrobirds,6ghVa94kvVtSsFOeYX9PP9
Elis Jake,0dlLYcRhpoOuUDmhYqpeRw
éllia,1K7LCAwWRA90NZUu31eDRq
Emotional Anhedonia,2RH0wqFbpmbgxgHSc96M0e
enimkon,58mDLECeGFpN6PtnE1kQgX
ENLEO,09trukw4HlMz8i6TAn5Xpu
Entely,5cFCsmewxHM5wQb55vhqTS
Epolets,09QRMWYyLUALbOUjP5rhUP
ERAI,7jffj8KPuWDhbEfZsT7pkZ
Eric Deray,4NHoqUSZ4DoivGf1hUFHGG
ESQUIZET,5Ex89PzwhcN2RReWv1VQqs
Eteria,6ogaT5d0VnHpIxBVjjYw9b
Evilucifer,0G4pKFoXSQHAHDvi7GIABA
Fahot,2dqEJL6shxcuBWNTTpHNvm
Fakultet,5dObHcZzciMNySoV8jJ1Hf
Farinhate,5woVfxExQZkeJHpRVlUw1T
FIЇNKA,13NAXNT9stnvGPXbkj7d9u
Figurat,4uaBSVM3My0WqRienuJMlc
Fiolet,62JQ43L2DbFstnSNthNPIA
Flashback,1iHxrkLXO17XA8R2dAeLwh
Flava Fam,7K4j7pHNDSx8vNyabmfS7F
FliT,5qsoQ5KuMdFKIo8rvUroCU
Follow You,52kV9Xhffmq4gVS8ybfyFu
Fontaliza,7K2biqsA3g8bPgSeAr3NCy
FRAM,7mXQu2XlHYh3VQS37IdJqu
Freel,5S5NJWLABOEivRPTrcqVgd
Fuji Moodji,1TG11OIiavZKVfRxVr5Tyo
G Grizzie,3Z8o1euRc2fQOnb5hPlZwR
Gaitana,7o1vFulYnM0aDDFL3eH6tQ
GannaBaby,1iIOxjctpv52NS9RTbreNO
Garmata Syndicate,0mwmVRyBtu6lvthYgKi2Lz
Gender Studies,4jz1GH23T33sNEatdnbQ1W
GEZWEIRDO,6bTAQ6F3BQfGWbqLz0xk46
GG Гуляйгород,6pmDHqxNHR7CoaYk9n28QB
Glitchtrip,6HkehPYjfktHcGQhWEICYl
Go_A,4kvCU3MzggM2piZCqvxj0x
Golubenko,5XPjmh7BsTQfSfp9wqSoJQ
Gordiy Starukh,2ngmIVzURjuuy2TntWl5Qr
gothique,1M3rgQp9fKGwTEHqDZQA16
Granat Garden,2KMR2HzUel7KoNvJaTjt5L
Grandma's smuzi,5EV1hHwuQux71pYt2Cu1Tw
GRATY,2kbPXl8cTkpxhBd0L5qKcS
Grayshapes,29desk9buPskbWLOtUjpic
Greenjolly,6JEqJHKD6OczY66KTgwLgl
GRISANA,3EO10LHXB2cF79P8rYAVHz
Grohotsky,42GlDtFvb6lgqHj7oc4SSi
GRRRA,0HzmOq8Mx9SKXO4CfRptca
Grupa Vuha,5Mdc1s74KBy1Lryp2zA1vX
Guerilla Noir,3lMwcVVFCzlsE6BO1mOiFt
Gunna Chorna,6svqgn8444V7khZxeHQ0c1
Hanna Svirska,4yKjpPEuRY8Y4bCIbJo3gM
HANUMIKE,1b3b8ztOhvSNlZPumLAuRq
Haydamaky,5799ZsuXWM0Tpl1DmazlZc
HDSH,4KU22s8IkcyTFpsN7wzYeU
headachee,7FLnr6jif4euepPlgGtaJZ
HEIMA,2ZfSpyunOUTxg7ERFYRlD6
Hellfire Sox,4vj6wfRnE61TO9BBM8s2SZ
HLIBOROB,00HxF49G1Lkku0sJoxQW5k
hoboth,1NKaI1yPFkwx5lNALGrv9S
Holy Blood,1tTt8DFLyX4sUKIvYnMg0x
Høstvind,5au9STptYKrDu58ZQMNJyB
Human Margareeta,0W7BW2r3R0VOo7PKZOD5fd
hurtom,710r16a4G15MXXAASqIqTf
Hycz Orkestr,0Xd0cw9KbTytmggqSitDXO
Hyphen Dash,7yarlsp9DnjnP2qQ3JoCqs
I Miss My Death,18XkTjAN14ooOpV5oy2WAh
IAMYOU,5gksL4ibFHYjMCVnNBhSWa
Iana Kovalova,6Rnkh2EhKsEp6umYv9UuSH
IHRYK,3N9LWzMGgRlUR9ehu0Qmzv
Illaria,5itJRNCCLm8EMJGCMnh5iC
iNEBO,7gQbJLxgNTV4M3JBeq7eMV
INFERNO,7ncGZtjsoZAGcb744gURd8
INTUI,3eVkJ3XqmaPJmvoqSzjTec
IRYN,5oD5C0wSepvoGEDPtZHcKB
Iryna Bilyk,5wnPg3gAN19gmRi0sIyqEx
Ivan Humoreska,62Kegt7tdMiN6b4kTXoAQP
IVAN LIULENOV,4xhNOTAubxW5eBEXohgxIs
Jaggery,4rSScRzvMZI0wmdNbdtcav
Jamala,4EXfia20rgVLyubQiYtOIC
Jazzforacat,1HBBsjoYQzrpMhLCazhg6d
Jerry Heil,71DkA619tW0bpaMi4QBzmr
JKLN,78OSlmY7jGez7noNJe0VPD
jockii druce,4CDqcsxDc670sXyEMhVt94
Johnny Zombie,1nKnv2h7DU0Wxlb341jJyB
Joryj Kłoc,0gEieVCFo0DDHSnbnTEDX1
Kadnay,5uXIaMULUstVp4F5Jq1irJ
KALUSH,46rVVJwHWNS7C7MaWXd842
Kalush Orchestra,6fNkvAT7XRYuIynD5RTSLf
karmv,3MuLMPempfsj17Xc9OAGnA
Karoon,4flrwqSTqk2O8a9KMfkLu7
KARTA SVITU,7GnnR3dB7tdyHsIFXnNb6y
KARYOTYPE,58qnj8YMJsR911o1ENYa5y
Katya Chilly,4DJsd9zcnsYA4UcAXxPxRU
kavabanga Depo kolibri,5qr3Q9yXnDkxF3RLs5ZPLn
KAZKA,6tnqzaOroG2OtBaSfVJbEw
keeroo,2oDHc60nD2xyrESmbck1SU
Kelavra,4nspO81kxsyCdMbxqyDvCE
Kerath,3WdkZwUokXh1zGZdJ82QNy
KHAYAT,1YHTEJ3H4Qop7qxN5hZ5jK
Khors,3tJCrNrAyyrC4BRVeTzD6t
KILL! KILL! KILL!,2JRN4jDscLRLrGsrXoN766
Kinoteatr Cosmos,0CaRQmb8YttdHr0ABRCYc9
Kiteflighter,5QVQvufaLgAixdHomnLEp7
Klavdia Petrivna,5BwbVAdT6rFF2vGVE8su2y
KLEFT,7nqcmGbO19wYaLSxMO84J8
KLER,6rHWskJ6ifvI2GNvX1rjui
Klooch,6yB6tkXSgcdEN5MdlGLubW
KLP 521 42 inc,7IbMLDl4NP7vlRUjGRep4Q
Knifeman,4Pzlao0nrQQX3dAS7TJfxQ
KOLA,3DUi7MrtGNXwgYKAG3mBCh
Kolaba,2UsKPH1vTSh7Tzo7qxi08f
Komisiia,1PZFXv6jqO1BkO7GH6JmjZ
Korinya,5EjDTaIh3mSkY9fqX9Kg4v
KOSMOPOLIS,3WVsLkPEfusLnC8g3BAKay
Kostiuchenko,5MMXe2yDeGG1760ZOSsH7g
KOZAK SIROMAHA,4DV5USGPXQCpIsTeC2Iu6B
Kozak System,5q8tYmXoNXEJGIuafacuHa
Kraamola,3xjwP34qX5BZH69SFwRnQH
KRBK,0E56Ncr2I37JQhW71UJALE
Krechet,4hn6wAjApsXShY05vN6IRR
Krichuss,4cAcEskFbQIqYXIL9pn9p6
Kristonko,0zazzKWsThTBwSOVbwBNZY
Kroda,7DHfH57BeQLNkv9zwNQFan
Krovna,6YxVdtpb30o4EEuSz3FCgu
KRYLATA,4xFe7GD3DC9SGE5d6csgjG
Kulshenka,4kUHhXm6tx1lMi1RdqDQgu
Kurs Valüt,6f6jDWxweaA8oRVGCFebrW
Kvitka Cisyk,01FjVnx4uiO2aoMkHhlD1a
kvitla,2NISAvKmBXJ5YVjdpd0T0h
la belle verte,6qWHULvQRtl2vxxSu5HIdI
La Horsa Bianca,2itt2C7yd8b9yEMlYNTB7n
La-Mansh,5uzoChOhVgs069NjdpmCEN
Lacrimorphosis,7aqRdeIRmZw2eJHnA4X7OO
Lady Aphina,63lQTmareR1ET7G6nAW45j
Lama,0e0x0UVnYtJkqMOmpYdAWW
last past.,6z6HEkWtFnfkrcUEoNAEXB
LATEXFAUNA,23z16jDNwdZLV9fvE7KliP
Latur,3HIfcPfy3fnSJKsBrVRfFL
LAUD,5SFA8vO07EK8SGJVdr9mX6
Laura Marti,6HSkFG75uMZApTzut1Yf9S
Layuchi Kvity,6T9KbqVvjP3fHMK7uDCGT5
LAZANOVSKYI I RIDNYI,79obC2XnniuVlM8wZiePkT
lebben,0JKjJdwvMZFrHvAUNOda4D
Lefor,6hzblzXPu0wV7T1L8io0o5
Leléka,6SoecBx6mP4YfrEVVb0GcG
Lely45,3S2ZPs0ccEwknZLPQDbGSw
LESAN,1HLu4OBo25g2Io5zwDvAmN
lesfleures,5rvTaikujPdqylzMhjYsVn
LETAY,1iH5HvYzHaqxzQAqUJhBXR
Levegh,02SDJ4xPY52RE3u14HKZSb
Levyy Mc,6Du499ITBK0cdfgfW8nQjm
Libenson,5WKDr18VQpdy1dBHkBi8O1
Liza Bibikova,5QCvdC4Oxl2Uzzcehr1Knz
Lizzzard,768IY0LVBCnDkkZ5tLi8se
Lost Message,0UTaetF1mWzpkjQILEBCgt
"Love, Mary",7ppNgJPSCMBaqo6NBD1gvt
LOVERA BREAUX,71iXh9KV482p6lhyCZnaSa
lowcost49,5WQw2ZBbAusXXuXDYXUgmX
LuftPauza,3N3BibcHsJnn2j49tDbL3A
Lugburz Sleed,1RLrzKW6HIlX06HuV8ch6D
lumosback,4iDn53gIgdQyPXAuPKVGAk
Luna Rozza,4w2yzPw0xWs7HtZIKLTDok
LUSHCHINSKA,4FnzC3DWSt4VlkY4pYW9Cl
Lybid_1,5ZSjoIeVEIjTdz2e5Rf8cx
LYKHO,2EPN9Y0DpsaViVtzQunGrn
MACHUKHA,14kfYYo03xytOW74JC9jgO
Mad Heads,2q3fzwgqdfcrJNIdy7hpXY
Made in Future,2PxrVJ2kWPSktTuwJqzrS8
Mamanet,2sn8ckahlSwXnO2yb1TBma
MamaRika,6N2neiZftq16Phw99zxLDS
Man from Light,64KepROUpLXctnapcWfNqT
Marevo,3SGsMmJBR4KdMSAyGJXRMu
Mari Cheba,2pHpT31qrGT1mQ96jPtqM2
Martovi Orchestra,1XXDohRBHHNkVxT5c2YVpp
Maryna Krut,1Bmaz25pIQGUjunO4d1a9Z
Mauser,1krvGZsnew5JGnwSNhdDMV
MAX BARSKIH,5zXGVPJHUzQPUXKA7AlTi5
Max Triss,5yeSe0AZM78J46sd9INB80
MBreeze,4Hf4YJXOVQmed220g7PiqL
MBY,3AXXysK0eGG8CmbmJINr5R
MC Петя,1SchPhijfagZ6C1yQcvqd6
MC Brehunets,5ups8ifl6v6NL5jNtHHMCu
Megamass,3zO1IpsC4G85Hflo6ncOhF
MELOVIN,4nym9MDEPnWmPfuWwsyKeL
Memories Remnant,7wWFCD0dObbeMFaypKGG20
Mercy Denied,3gR6Ne0ygXzBcspe2hTePO
Merryruzvelt,2udhbSJ1EX8OTc9ZdDxb71
Merva,3qi5iiKaKjQdLh8Iss0DFA
Meryvo,6nz6uRv85xBY1NWVfvtIdO
Merzotna Potvora,05i0v5EBTUylBB79Ewl3cA
MetaMoreFozzey,4vumxry4Dys7GBPhmXlqWC
MIRABLVCK,78AS2NypKJCz1dmkLPLaaU
Misha Substance,5FBpgPMffiHj79NdfeuiQK
Mistmorn,4RQE1qddtKPJzcQZ8RpSiG
MLLM,0XL41FQhVgHwlF5xXT8Fgz
MniShek,0Q1IQfjSyEYxFzULUdIOxE
Moann,2nrmzxrpM4czHiwaQbfxhQ
MOISHE,6pcvAwBZmKzwCFYeCSo3eh
MOLODI,0WBxktj7eb89sByiSeFelF
MOLODOY,0zwASeH7IV8C8cvVwOTtrd
MONATIK,6wbEgVlGqWb4I9tbMluu5Q
morgendie,3Qr9KtjDCIe6L5ByQB6Hnj
Morkt Tre,7EQ1t9oRtLeNdvGwv40hYH
Morphom,1XaPi3wwjPdMMsSw58bgCO
Morwan,6BSC8SxBz84NLsLiLeCUUv
Motanka,71U8pkzbOG5ynnXw3ZtnGf
Motor'Rolla,0Y7o1ue5AkKssSk9d9ZJzv
Mozee Fee,4DMK1uJ5D5Ym4lHHV7Z3ic
Mretc,7wkj4IwUvMEeXl2sAkptms
Mu2Moon,79ALDYoWVbebBlfpHj9F0R
Munruthel,0N8Syr60BVeXqmtNXd7ziD
MYKYTA LOMAKIN,5x0RAJPnRBS8aRIZc5cvXo
NAHABA,04tU9FZKM1yztRPdLV7Wbm
NAIMES,7hvWQNhs591foFsXDdLyWw
Natalka Karpa,0bkxtScanTm98e3TW9RWVr
Nathreism,5frdoLqAGFkqXjEAnptH7O
Natural Spirit,0VFXuZuPmwQ3YyLyuLBhF7
NAZVA,6Z0JQx2gaHoT6fiBgTS9p3
nearr,4ieyygnBUFEXhBeMdM0Sbc
Nemo322,3gOKD7u0ucVHnblM9snd9I
Netri,19blISfuQMpNCRnauzwUHE
NEVIRIMØ,0HJTRY1ii9mp76w5HJgVVw
NICHKA,4wePP7WrVuqGPqkXe2P3mJ
NICHLAVA,6GQkdx5KlG6Nc6fznxkY5B
Nikow,1ewZuAmm3Em0KlM0pIBwVe
noch`,54YaQbOIi8WOZI9OgEtIS9
Nockonsep,6c72AWjkZ7GWSYiV43xBr1
Nora Plan,34QEjyOLywYergJJtUVSjT
Nug,5cX4v8gf81bPzRqdRj487A
O.Torvald,3H9tbqoneuzYDgg2CAcUuy
O'Hamsters,2c5h8RPjpAdgLvZCAHXcs9
Obiymy Doschu,5HflSJADd4fkLw8VNZAmvC
OBRANA,0YgfZOQ1tkMkreQiCZWcSV
Obrij,5EyRr5LeoJ0zRfz894p10g
Octopus Kraft,3EdYuYqaZd3vIL5sG36vHq
Odyn v Kanoe,5fMNki1cAszN37EYRTVdOc
Ogyda,1Jv5Is33k34f232XJoKtvk
Oh Deer!,3tOJjz22jGwYaJUAXzVNF7
Oi FUSK,6o5wVUin90wkBMMDpqQPtW
Oisho btz,3EZxMWFkzHzsUEXickvQ1R
Okean Elzy,6NTzEgUmN1PIBIYEHhf1kS
Oleksandr Karško,0oJLUgNGIngldpj3FE72iU
Oleksii Podat,1TI7ZShxya2aMGEpYBbNHX
Olivan,6hye43sxuu3EbV0zIrIV2O
Omana,2ZSCvBBi07pkUv7SK2nCrh
ONUKA,2MVGuFg7kJgmXC2RkpJxz6
ORIONIX,3daNGjulYxSmieQfwERHTl
Orpha,1G1m9JRbYHxvWhKy3aWqMZ
Ortum,6UtDhm2FoC8Rb1Q3nGpk7Y
Ostrovskyi,4HbGIutrYOvKMrbuPp6VjK
OSTY,58UBmhZzNl22EI94dh9Gx0
Ot Vinta,12Kdev7FQlh4SeBKoH99GT
OTOY,2jA3HhqCRImTV9hQF1qz1C
Our Atlantic,03OrIcWvpeG9Rk5vJqHO0s
OY Sound System,42LfsACFaeuYLWyXHf7o9R
paashee,2EuvNknH6K6WfgKUPMmfzB
Paganland,2FIcLpBB1FirpMWy1CBmS0
Palay,4YoYoeAo4Qj8z8YWxzc9TW
panivalkova,63rdj5M62DqekNMdevuyw3
Parfeniuk,64XGTiElvPUfmJjyWJnW8C
Parking Spot,5knzoV9yqJ97pxPw14mZu0
Patsyki Z Franeka,0fB3vIwNC9q3MCIBugQ5o9
Phil it,0mJGrzOVeAMwrtlQZaNyUe
Pianoboy,1ppxFH3BBfEBFTAo4sj7KJ
Pictures Inside Me,5szAPdA1qMkGpOrRPh9i37
Pilikayu,3kWxWB9OtV6OlxNv2lbGw5
PINS,6SP6ZoYK2jh5ZaitvI6xXU
Plaaaato,3N2lUa44FjvTkNGZoOKm7r
Polamav,5kUKhT472cR8OoERFvGVUw
Polynove Pole,0OkzIqmZXLzMN0p3faljZd
POPIL,24aU0N7zrhEXFJkl48F1he
PoshEnd,55cd3vur1xdL8LvNpPUSiU
POSITIFF,3f7zhsCueKsjZbwOkoTsME
postluv,7kaW2OVzNtYRR51asgJZq7
Preslee,5ZB111QtLEgZx4oSmirkk8
PROBASS ∆ HARDI,4w8RbPbs4n3ceag62qvMl2
Prokat Kaset,0A9eLlxnXigQ6wiGIYzm7N
Promsonya,4oVsAwGaEKny8QXeVN2uhH
provulok,3i448OV2OVpKy6EQtenzzZ
pSeVdo,3uRKuQMTkltaOw0CfPULoP
Pur:pur,1hNKwa40SiFwpAwCtsfaKS
Pušča,0ZUD9hk2kdbND8Vm2lt32H
PVNCH,5WS072r9erpsWfh15GulpM
pystelnukArt,4V7CkikJEpMn8FFVM6htvF
QARPA,6E1zNg2zYhqKErKzkrb9em
qBuy,5GGUwGF5uCApajv1PCE0DA
Quest Pistols,21bKsZrHsq3UcdHgeaKH2l
Ragapop,37fFjb8JBrNaFa52IeY3XR
Re-read,7eUA964o7lmefaloh7DQEx
Recone,0xKLqWvJEA8gctABPP2LwQ
REDENGY,2j7siZ6gCmksiDE5GAppVi
renie cares,3NriITovw5vUZcywhWZ2FB
Reproduczia,54jLb1uqXMVwBnYfxUM169
REQUITIR,0Azd1miap0hcvpwmA9K3Qr
Riffmaster,5UTRA1sDZts5oPKPjnatF9
Robots Don't Cry,3cmWGPQBzB1B4F9jSiHKk2
Rock-H,1xzBDa3F8hVFIzJ9ZRCfLH
ROPAN,2HCZErrApQ6IlnXgxeyCwe
ROXOLANA,2N0mbAIb33TV4rvt4TOXe4
Rude Riot,24wpiFvytLIH9pFIiJTEEu
Run'Tone,7fTv1wmnyxmVrZS9Qw6ha3
RUSIIICK,0AVnI9dXvY2BIfdzhUL05q
Ruslana,5nkB6GEbHINTSqmi5XMSoa
SadSvit,2ojY7fXJxZQhg8Rx5e8h9G
Sale Only,57XlFEZUwNhf5D6cQNe7kh
SAMCHUK,5fWcYXCPzkgi05jN3tV8WQ
Santorin,1SYBAu2JCuPBGo30N5sX7Q
Sasha Boole,2s0YnA9mOGWt5DiDMoDjyy
satelibra,2HTPbqukNdV7wiPBqdY2MS
SAYMER,2yUxWgDCZouHgA5cCqhxOh
Schmalgauzen,1qqW4QBTgFMH2Vpzwboo8z
Scroodgee,5ZKdNe6j8vkgseAJ8odrTU
SECTORIAL,0YfOdx8lvGWM5n4vXT8kcN
Sequencing,2M9i3ziCQDCqIB4kcdUBu3
Serhii Babkin,2SK6y7c2E9LRtudlqylsLi
Severoth,07ZvgtvqN2rNggCB024UYY
Sex Blender,7xQQr41X3RE012ahhDpjKk
sexnesc,054GRnSfbwcOdFGg6jpyc6
Shamrocks,1Qu1UYHNY9zZOnK4KPCjg5
Sharlayh,1Bt10LWFpj05siwXIORnFc
SHEPIL,75bGmlEbr7EaENITjtUO9J
Ship Her Son,62Q4pz0eKSAr0OAmemGvAL
Shkerebertb,2tJVm1NURKFjNSGL6MDEGf
sho4k,32KqPvlNWkRCynoWlH1cQg
Shockolad,7d0WPMZDuEC0mmpsA9HFbW
SHUMEI,1BtGSVQey2HyYbFiw8O1mz
SI Process,7KHqgK8OKybLanDTQbtOP1
Signals Feed The Void,6YC75aevaNcBaF6hBqfsM8
SKAI,6B7diwe5KfP2oNHLUF0hzv
SKOFKA,0Aj4ZvDgwd9DSs7E2nrox0
SKRYAGA,4hThdWjmT0zEMdXIZ5awpw
SKYLERR,4yAxWAp7yFeQJu9la6eaCg
Sleepy Andy,0bDINMqYV7vU9KaEKNJvhv
Slyzexx,4IbMC38pHwnpbMbVeNVwc4
Small Depo,1vAwJEaIiAJ6i0K0E3Yp7X
Smurno,3hvkcvFJm8fatXXAlj71B6
Sofia Shanti,546wSi6Jl1aMJnQ7ACGrsE
Sonnium,1LNzAlXo6xQY1B2U67if5w
Sonya Kay,2TSMiRIjtB1GLuUqJy8wJB
Sonyachna,5m1W82wDuCwcCvNI7cATEO
Soom,3KALt9pri1VLZvjAEi8Gki
Sophie Villy,0DuVXwkID8tuvDYUl9UgHD
Spiv Brativ,1R7CiJX2ZHVowGfQ3GZW6b
SPOKUSY,1baYrjUYuQeAYq7auUdx6Z
Sportcafé,0lRAWX3ZRmeqA99rqvuur5
STAS AZARENKO,6wUdmbD4Ng1R9od95J6aaa
Stas Koroliov,70TxtvTyPS98m6a9p3IIfa
STASYA,2Sa39S5jaI9IcrCqHl89fc
State 62,6SKDEH3RSaLgheiCF3IMZ5
STEBELSKA,3gsNUWwdBf8l11XVlm0VKo
stereo.ashes,6Cwr294585sgh95kyfhhz0
Stereopalto,5fxahF5Bcx1DRkCRlU3B5Y
Stinx,5MqB1KTZLjCPRDBc1VwvX7
STOSLIV,3bbN7DCsudIK9Mmo2BPaN7
Strike Each Other,13SNzB7M83ykuIpLflpS8S
Stryvigor,32ly2Oq2knr8wBicJvRzrB
sucilna_nevdacha.exe,1gP2mjoVMbbxA3PakgB2Q8
Sudno,7ud4BSqYxbum6CEult1m1G
Suicideburg,3L51XUmSR3kiWnX5dZMeYp
Sumakh,6W34C6uyVRiZEVFuru435q
Surface Tension,37CA5qaZfCoeFl0xdrjb1r
SvaDaRa,2Jta8dstXYpiaaqFxZldZX
Sviatoslav Vakarchuk,2xEuSZSodyOIuUAxBM3I5I
Svrm,51kom0dCPU0zk7cxZaOkuj
SWEETLO,7d2UQSPZXPhfAW8fjbp4v5
syayvo,0mKpmicxEHLspigwxBAlZt
T.O. (Точка Опори),4RX8KG0goifTv0nw31eZqs
TARABAROVA,6tj6mp6fHJW5q7EfUXBXk2
TARAS KEEN,51VBfgiduxBHC8FOhE4VqZ
Targan,7lnWKp3xbQcXqu2bgwMEVs
Tartak,1RzwDDPsg9uiMt7qFo1OdU
TaRuta,00oBOjPoBot3yPIDEEft0E
TAYANNA,68MDO1qEjlimdYonMiWEZt
teeNsad,7elTC4UjdEVwcpEnOvHoUN
Telema,612GIZcOy1jQVjg8DXGBfJ
Tember Blanche,4IGHF22vbC33ColRBUHIXd
temstime,2EKtYTgQP4Lu1PFE6yzEUi
Teren,1uJdHaRmSY9nAlSXqHdGQQ
TESLENKO,4Kfhe0aTNpLAd7DVpVx3sF
The Вйо,08NLQUHt8ilEJsNBRuiz8d
The Artistic Rats,6CYXn6Yx5DNx42fR5JbKMQ
The Budchuk,0uGzb9yQNvlHef5jl7JDZ9
The Cow,6OS5s2J28rJWQiRcUgE0aF
The Curly,1JK4hfx5B8oTtjsfYgaOeD
The Darkness Of The Death,2Rqzw2Hd4a64pa0UByMK59
The Doox,0SLe2nbLMij2kA7ujP7nGR
The Emergent,4rSWUUK1uORI5XZWcdXlEl
the feels,7jxraKfC3UFmBJK8CJx6Kv
THE MADA,5qi0XqnBVFK8mwq3ToPOkk
The Maneken,21XreEXwXo1TNn2QMkwPzm
The Nietzsche,5IBLNi1BzJAAW4iHvZDByO
The Raw,72lZKR7wAftVVplVvkKyvx
The Sonic Temple,2to4QfMDFnZ2eWYo0LOGmO
The Soul Delusion,4Zayd3BUGqyOQIhEZXbuUi
The Symbioz,3CzqtRSukGtHSr3r3LaN2F
The Ukrainians,0AayABGLpXVf2AYrlX0ybr
The Unsleeping,4lkuCrbRHsGwfVR916oqsM
thekomakoma,2ce8oHn9K9U9aXOtTPxkZf
Tik Tu,5JpkahOeuHmm8kzTe8xgcM
Tina Karol,0W3C8tSz8ERP2t37m6Ru6r
To Eternity,239RzDmVa4D8Or8e9ZZX5Q
TOLOKA,2wHh7LEk3Jcrcm5iMKUovc
Total-Empty,2nQw0gJXo9xmpsC4n8gVRx
TRAVINSKIY,4Rnb5xsArJAnQlJ4Iu4nWx
TRENCH ORDERLY,7bzbvgpND3nlvTcLzHiU0i
Tricky Nicki,7pBsLYrKwaLsDIezadNyQ3
True Tough,7LiKPU6ysEPXUnzwIcEfVh
TSYTSKA,3PhakdGorl97XKMuJy0OWX
TUMAZAR,0sxk44sG1eS4XAnbGd3fjK
TVORCHI,0jWniZlqlLCZY3xSPwPXz5
Twilight noise,5ilhMOuRmdrO9Ytw6YJ4rv
typeled,7jlffRmz59gtUtNL7LgJSq
U Kronakh,5z3uyxvAUSRWNfWQbcvWfF
U:LAV,1DBQRZKV1y33neYdie8HcW
Ubrave,5EjCkJeEak49WQ0jzccLzm
Ukiez,5YBFyXoXwounre9SgfGDmL
ULIA LORD,5SSvKZ0783cGZgR0yYC6i9
ummsbiaus,28IEUfGPXBbbcEI4VAUy19
UNAKK,4dEiaFU1wHkjchk6d88kIh
Under Your Spell,2ClztE0ds4QRBoGasSVbaC
Untrop,3iE0ZFhcQEY8JjFlcPVrPO
uvi sni,0Z3xa531OZaugp8kWMuLiA
Vaся Club,6RVeG43gyp5uHqgrkTscNB
Vagonovozhatye,2SMNjLDLKLTkKloVFHQ2Jc
Valentin Silvestrov,1bauOA5U5M3RwH2euX3Eq6
Valentine Lawrence,6yqxcEm80IsYTv0kob3dhE
Vallen,4YjwhCjIpMIfUgt4Rp2ayK
Vallhard,2Co1St0vfEwVxFQ6zi8oNa
VARASH,2Cgd8E6jpBkdN2Jlhi3lgi
Vasily Richter,1BVc2E4oUK6Md4Mte88JPL
Vasylysa,2TcRuUrAabVPDBk2X0xXeR
VERLOKA,0tckoUCOIgx8MOe4mIOvUc
Vinky,4IpWX4mb45yDVoVEYW6MAj
vioria,75hPP2pTme0pcRcSAqWRfT
Viter,2pAdTyafXOLt3kF8s4kDRb
Vitryla,02zXDlq5I7N6JdCep15cla
Vivienne Mort,6mQd5HeHhMBZK8u2bTCduH
Vlad Darwin,0oVP9Y27T1FzdXSpmWqOE2
VLADA K,7cXMWfc13FEkHKaO1gYaMR
VMRE,57AD2rHcbBOv3RHfZpSa6P
Volaj,2F3dGGJmoEZSyfVSGloSWq
Volodymyr Dantes,0eFAXtLIVxGHPJgUS8gI2E
Volyn Field,13JVeqGRG3Rk5BKVhEuFKC
Vopli Vidopliassova,5qgeG4MsrfCsA6ETMyqprD
Vorog,4pEQTmbakPGWtCT4xoriZI
VovaZiLvova,7MFvm8pwjLdmVBZddGNiQH
Vøvk,7oGyUy3x2uYjyBpqrxN6Qw
Vsivdoma,2mV4AZcnHuSGd1eYtwTH8P
Vyr Muk,2qpYkgJOofpnYZvWNKtgzS
Vyshebaba,5sjRQx0C93J0pMxSl6JH29
W.H.I.T.E.,3JIGGhM6pTHkAiucCyJZoG
Walls & Planets,10LtuilkycdmAh57b2DqIg
Warningfog,553yUaSVcjFTMxnhs6cwBQ
Wellboy,6l5IEx62Nsc2k1QyfaWvEz
whitelope,76w0r2VQICo4SfrsZPuM3A
Widen,1McWKw335WeCcZMqGZAGNR
XenjeS,4XQPMqCwqrnzip5BfzwdEd
Xravial,7lHvnYByKVekvHFSJfuzEd
Xs,3nSUqDjYPnurQEfiXW0K8Y
XSERGO,3JoCMVpwtvisQbjPjBxUOm
XXV кадр,28LdanCbm2JGidVjGx85IM
YAD band,75PVVAflgT0gOy8hwG387y
Yagoda,0grbGjsJDW2o7gGtiv95br
YAKTAK,5zjgy7grnZbt2L12meuxog
YARAY,6ZMw34iH8c9vs79JviuFIo
YARIMA,1nZ0jfkEdCujq7nFxlk9Uc
YARMAK,0oHyOQzDKjW5JVf347hue4
YellOhBlue,7ejpnEIzVOxjRfW2rYOClH
Yevhen Puhachov,6nbU2lRf5Rwe57FuqjbGuS
Yevhenii Dubovyk,3OfJlVTGldxJXYiZaL5Kdn
YouCrane,7sq3NCjaFAYYS02cBfaDgW
Yuko,02fJjARzvtfuvBPVGC99jR
YULIYA ROZNEN,4rgh0foCpqXXcVDOwVGaqA
YungKerya,6Dn4tSoGEOqfVzX41BqvMy
Yurcash,4rIMpiyveOQrytWWvsqUAA
Yuriy Yaremchuk,2C60TtTNF82lmteOx00foc
YUVI,6l6Oqj9SmzFR81eaVmyhB9
Zapaska,5yLwXcdXptcHbLHLyyLEvp
Zapovit,008Tsk8oNGPsL2yKtSv4du
Zavoloka,7DynAI5Xfem587lJkE1TRp
Zbaraski,6i9NPBEh0BmOWNmQgPGtYX
Zelenooka,7J5xkjPFLVrZhrMzwMh07X
ZELENYI,5HwkTYONbYw9243iZJdxOU
Zelmershead,1plaFKgA5GkZYQNV81oVCA
Zgard,06xNAJiYjFii7NmfNfXlJp
ZGARDA,3e0eB4kvbE4gEHVbe6A8xG
Zhadan i Sobaky,2Reqc0B9PCsI6t78c9k11o
Ziferblat,1PYz5uoK1NSdWERupvt8BR
Zippy Kid,20heU8nsu0J8DiBgK1gYGg
Zlam,0UOqHTbsJBICVHcoNKkM0o
ZLATA OGNEVICH,187fS4swOKe4m6p5G0ciwF
Zlyj Reper Zenyk,5TKat8l0kj32ZBTActy8U6
Zlypni,44arGyM7t8f5j56J7xPc1f
Zombo,2IjE6EKwkhg9KwvoXziKrB
ZOZULYA,7fHYXlXtbfORbDxN9DQqcG
Zwyntar,7Bz25xQt9VwEWNRtRC8EQd